"BROKEN","EPIC","FAILED","FEATURE","PASSED","SKIPPED","STORY","UNKNOWN"
"0","Specific Listing Preview","0","Specific Creditor Listing Preview","4","0","","0"
"0","Listing Preview","0","Tables Listing Preview","20","0","","0"
"0","Listing Preview","0","Quote Listing Preview","4","0","","0"
"0","Listing Preview","0","Report Listing Preview","20","0","","0"
"0","Listing Preview","0","Debtor Listing Preview","6","0","","0"
"0","Specific Listing Preview","0","Specific Tables Listing Preview","10","0","","0"
"0","Specific Listing Preview","0","Specific Reports Listing Preview","9","0","","0"
"0","Specific Listing Preview","0","Specific Debtor Listing Preview","3","0","","0"
"0","Listing Preview","0","Creditor Listing Preview","8","0","","0"
"1","Specific Listing Preview","0","Specific Quote Listing Preview","1","0","","0"
"0","Listing Preview","0","Admin Listing Preview","4","0","","0"
"0","Auth-Setup","0","CSR","1","0","","0"
